Years,Horizon Return (%)
1 Year,11.08
2 Years,5.5
3 Years,8.03
4 Years,11.63
5 Years,15.3
6 Years,13.65
7 Years,13.57
8 Years,13.6
9 Years,12.27
10 Years,9.04
11 Years,9.59
12 Years,10.16
13 Years,9.88
14 Years,10.21
15 Years,9.45
16 Years,7.01
17 Years,4.35
18 Years,5.39
19 Years,20.54
20 Years,22.9
